{"cameraMode":{"drawMode":0,"name":"Shaded","section":"Shading Mode"},"sceneLighting":false,"audioPlay":false,"sceneViewState":{"showFog":true,"showMaterialUpdate":false,"showSkybox":false,"showFlares":true,"showImageEffects":true,"showParticleSystems":true},"in2DMode":false,"pivot":{"x":-0.8999999761581421,"y":1.0,"z":26.399999618530275},"rotation":{"x":-0.06896082311868668,"y":0.09174607694149018,"z":-0.006369002629071474,"w":-0.993371307849884},"size":4.041658401489258,"orthographic":false}